<?xml version="1.0" encoding="utf-8" ?><dwsync><file name="bg-bike.png" server="ftp.reachwill.co.uk/www/html5/" local="3388441690" remote="11993691932" /><file name="bg-form.png" server="ftp.reachwill.co.uk/www/html5/" local="3388441690" remote="11993691932" /><file name="bg-formtitle-left.png" server="ftp.reachwill.co.uk/www/html5/" local="3388441690" remote="11993691932" /><file name="bg-formtitle-right.png" server="ftp.reachwill.co.uk/www/html5/" local="3388441690" remote="11993691932" /><file name="bg-header.gif" server="ftp.reachwill.co.uk/www/html5/" local="3388441690" remote="11993691932" /><file name="bg-main.gif" server="ftp.reachwill.co.uk/www/html5/" local="3388441690" remote="11993691932" /><file name="bg-subhead.gif" server="ftp.reachwill.co.uk/www/html5/" local="3388441690" remote="11993691932" /><file name="bg-texture.png" server="ftp.reachwill.co.uk/www/html5/" local="3388441690" remote="11993691932" /><file name="button-gradient.svg" server="ftp.reachwill.co.uk/www/html5/" local="3388441690" remote="11993691932" /><file name="cat.png" server="ftp.reachwill.co.uk/www/html5/" local="3388441690" remote="11993691932" /><file name="circle.svg" server="ftp.reachwill.co.uk/www/html5/" local="3388441690" remote="11993691932" /><file name="computer-mouse-pic.png" server="ftp.reachwill.co.uk/www/html5/" local="3388441690" remote="11993691932" /><file name="computer-mouse-pic.svg" server="ftp.reachwill.co.uk/www/html5/" local="3388441690" remote="11993691932" /><file name="controls-sprite.png" server="ftp.reachwill.co.uk/www/html5/" local="3388441690" remote="11993691932" /><file name="dukes.gif" server="ftp.reachwill.co.uk/www/html5/" local="3388441690" remote="11993691932" /><file name="dukes.png" server="ftp.reachwill.co.uk/www/html5/" local="3388441690" remote="11993691932" /><file name="ford-plane-still.png" server="ftp.reachwill.co.uk/www/html5/" local="3388441690" remote="11993691932" /><file name="gradient.svg" server="ftp.reachwill.co.uk/www/html5/" local="3388441690" remote="11993691932" /><file name="html5-logo.png" server="ftp.reachwill.co.uk/www/html5/" local="3388441690" remote="11993691932" /><file name="invalid.png" server="ftp.reachwill.co.uk/www/html5/" local="3388441690" remote="11993691992" /><file name="logo-sp.gif" server="ftp.reachwill.co.uk/www/html5/" local="3388441690" remote="11993691992" /><file name="logo-sp.png" server="ftp.reachwill.co.uk/www/html5/" local="3388441690" remote="11993691992" /><file name="logo.png" server="ftp.reachwill.co.uk/www/html5/" local="3388441690" remote="11993691992" /><file name="outliner.0.5.0.62.html" server="ftp.reachwill.co.uk/www/html5/" local="3388441690" remote="11993691992" /><file name="poster.jpg" server="ftp.reachwill.co.uk/www/html5/" local="3388441690" remote="11993691992" /><file name="rectangle.svg" server="ftp.reachwill.co.uk/www/html5/" local="3388441690" remote="11993691992" /><file name="required.png" server="ftp.reachwill.co.uk/www/html5/" local="3388441690" remote="11993691992" /><file name="spinner.svg" server="ftp.reachwill.co.uk/www/html5/" local="3388441690" remote="11993691992" /><file name="spinnerBW.svg" server="ftp.reachwill.co.uk/www/html5/" local="3388441690" remote="11993691992" /><file name="spinnerBWfromFilter.svg" server="ftp.reachwill.co.uk/www/html5/" local="3388441690" remote="11993691992" /><file name="thumbnail.jpg" server="ftp.reachwill.co.uk/www/html5/" local="3388441690" remote="11993691992" /><file name="valid.png" server="ftp.reachwill.co.uk/www/html5/" local="3388441690" remote="11993691992" /></dwsync>