<?xml version="1.0" encoding="utf-8" ?><dwsync><file name="Acknowledgement-webfont.eot" server="ftp.reachwill.co.uk/www/html5/" local="3388441690" remote="11993691932" /><file name="Acknowledgement-webfont.svg" server="ftp.reachwill.co.uk/www/html5/" local="3388441690" remote="11993691932" /><file name="Acknowledgement-webfont.ttf" server="ftp.reachwill.co.uk/www/html5/" local="3388441690" remote="11993691932" /><file name="Acknowledgement-webfont.woff" server="ftp.reachwill.co.uk/www/html5/" local="3388441690" remote="11993691932" /><file name="League_Gothic-webfont.eot" server="ftp.reachwill.co.uk/www/html5/" local="3388441690" remote="11993691932" /><file name="League_Gothic-webfont.svg" server="ftp.reachwill.co.uk/www/html5/" local="3388441690" remote="11993691932" /><file name="League_Gothic-webfont.ttf" server="ftp.reachwill.co.uk/www/html5/" local="3388441690" remote="11993691932" /><file name="League_Gothic-webfont.woff" server="ftp.reachwill.co.uk/www/html5/" local="3388441690" remote="11993691932" /></dwsync>