<?xml version="1.0" encoding="utf-8" ?><dwsync><file name="dragDrop.js" server="ftp.reachwill.co.uk/www/html5/" local="3388441690" remote="11993691992" /><file name="dragndrop.js" server="ftp.reachwill.co.uk/www/html5/" local="3388441690" remote="11993691992" /><file name="geoExample.js" server="ftp.reachwill.co.uk/www/html5/" local="3388441690" remote="11993691992" /><file name="geolocation.js" server="ftp.reachwill.co.uk/www/html5/" local="3388441690" remote="11993691992" /><file name="hyphenator.js" server="ftp.reachwill.co.uk/www/html5/" local="3388441690" remote="11993691992" /><file name="jquery-1.5.2.min.js" server="ftp.reachwill.co.uk/www/html5/" local="3388441690" remote="11993691992" /><file name="modernizr-1.7.min.js" server="ftp.reachwill.co.uk/www/html5/" local="3388441690" remote="11993691992" /><file name="raphael-min.js" server="ftp.reachwill.co.uk/www/html5/" local="3388441690" remote="11993691992" /><file name="rememberMe.js" server="ftp.reachwill.co.uk/www/html5/" local="3388441690" remote="11993691992" /><file name="videoControls.js" server="ftp.reachwill.co.uk/www/html5/" local="3388441690" remote="11993691992" /><file name="videoToBW.js" server="ftp.reachwill.co.uk/www/html5/" local="3388441690" remote="11993691992" /><file name="zipcodeFinder.js" server="ftp.reachwill.co.uk/www/html5/" local="3388441690" remote="11993691992" /></dwsync>